{"cameraMode":{"drawMode":0,"name":"Shaded","section":"Shading Mode"},"sceneLighting":false,"audioPlay":false,"sceneViewState":{"showFog":true,"showMaterialUpdate":false,"showSkybox":true,"showFlares":true,"showImageEffects":true,"showParticleSystems":true},"in2DMode":false,"pivot":{"x":73.43186950683594,"y":26.163532257080079,"z":4.031005382537842},"rotation":{"x":0.0173414945602417,"y":0.976831316947937,"z":-0.19477106630802155,"w":0.08697231858968735},"size":123.6466293334961,"orthographic":false}