{"cameraMode":{"drawMode":0,"name":"Shaded","section":"Shading Mode"},"sceneLighting":false,"audioPlay":false,"sceneViewState":{"showFog":true,"showMaterialUpdate":false,"showSkybox":true,"showFlares":true,"showImageEffects":true,"showParticleSystems":true},"in2DMode":false,"pivot":{"x":-23.84000015258789,"y":12.60000228881836,"z":8.929998397827149},"rotation":{"x":-0.1615746021270752,"y":0.016871370375156404,"z":-0.0027628198731690647,"w":-0.9867123961448669},"size":30.672321319580079,"orthographic":false}