{"cameraMode":{"drawMode":0,"name":"Shaded","section":"Shading Mode"},"sceneLighting":true,"audioPlay":false,"sceneViewState":{"showFog":true,"showMaterialUpdate":false,"showSkybox":true,"showFlares":true,"showImageEffects":true,"showParticleSystems":true},"in2DMode":false,"pivot":{"x":42.63920211791992,"y":20.003284454345704,"z":-1.060786247253418},"rotation":{"x":0.008560845628380776,"y":0.988067090511322,"z":-0.05966104567050934,"w":0.14174187183380128},"size":197.44407653808595,"orthographic":false}