{"cameraMode":{"drawMode":0,"name":"Shaded","section":"Shading Mode"},"sceneLighting":false,"audioPlay":false,"sceneViewState":{"showFog":true,"showMaterialUpdate":false,"showSkybox":true,"showFlares":true,"showImageEffects":true,"showParticleSystems":true},"in2DMode":false,"pivot":{"x":681.0000610351563,"y":341.0107421875,"z":5.87541389465332},"rotation":{"x":0.0173414945602417,"y":0.976831316947937,"z":-0.19477106630802155,"w":0.08697231858968735},"size":2517.348876953125,"orthographic":false}