{"cameraMode":{"drawMode":0,"name":"Shaded","section":"Shading Mode"},"sceneLighting":false,"audioPlay":false,"sceneViewState":{"showFog":true,"showMaterialUpdate":false,"showSkybox":true,"showFlares":true,"showImageEffects":true,"showParticleSystems":true},"in2DMode":false,"pivot":{"x":-0.17555636167526246,"y":0.5346615314483643,"z":0.1064092218875885},"rotation":{"x":0.024885326623916627,"y":-0.9631982445716858,"z":0.09597241133451462,"w":0.2498384714126587},"size":1.4499123096466065,"orthographic":false}