{"cameraMode":{"drawMode":0,"name":"Shaded","section":"Shading Mode"},"sceneLighting":false,"audioPlay":false,"sceneViewState":{"showFog":true,"showMaterialUpdate":false,"showSkybox":true,"showFlares":true,"showImageEffects":true,"showParticleSystems":true},"in2DMode":false,"pivot":{"x":-0.00016689300537109375,"y":43.10003662109375,"z":0.0},"rotation":{"x":-0.04627179726958275,"y":0.9526336193084717,"z":-0.23464028537273408,"w":-0.18786205351352693},"size":409.44000244140627,"orthographic":false}