{"cameraMode":{"drawMode":0,"name":"Shaded","section":"Shading Mode"},"sceneLighting":false,"audioPlay":false,"sceneViewState":{"showFog":true,"showMaterialUpdate":false,"showSkybox":true,"showFlares":true,"showImageEffects":true,"showParticleSystems":true},"in2DMode":false,"pivot":{"x":-0.06127318739891052,"y":0.9678897857666016,"z":0.3450906574726105},"rotation":{"x":-0.10721845924854279,"y":-0.8042745590209961,"z":0.1528511345386505,"w":-0.5641660690307617},"size":5.2333197593688969,"orthographic":false}