{"cameraMode":{"drawMode":0,"name":"Shaded","section":"Shading Mode"},"sceneLighting":false,"audioPlay":false,"sceneViewState":{"showFog":true,"showMaterialUpdate":false,"showSkybox":true,"showFlares":true,"showImageEffects":true,"showParticleSystems":true},"in2DMode":false,"pivot":{"x":680.9901123046875,"y":341.9999694824219,"z":0.0},"rotation":{"x":-0.08865264058113098,"y":0.029603615403175355,"z":-0.0026371765416115524,"w":-0.9956190586090088},"size":822.8414306640625,"orthographic":false}