{"cameraMode":{"drawMode":0,"name":"Shaded","section":"Shading Mode"},"sceneLighting":false,"audioPlay":false,"sceneViewState":{"showFog":true,"showMaterialUpdate":false,"showSkybox":true,"showFlares":true,"showImageEffects":true,"showParticleSystems":true},"in2DMode":false,"pivot":{"x":-5.0,"y":12.80000114440918,"z":-0.0000014901161193847657},"rotation":{"x":-0.1615746021270752,"y":0.016871370375156404,"z":-0.0027628198731690647,"w":-0.9867123961448669},"size":43.718753814697269,"orthographic":false}